{"cameraMode":{"drawMode":0,"name":"Shaded","section":"Shading Mode"},"sceneLighting":false,"audioPlay":false,"sceneViewState":{"showFog":true,"showMaterialUpdate":false,"showSkybox":true,"showFlares":true,"showImageEffects":true,"showParticleSystems":true},"in2DMode":false,"pivot":{"x":-3.177999973297119,"y":1.8420000076293946,"z":2.3970000743865969},"rotation":{"x":-0.06724634766578675,"y":0.8249505162239075,"z":-0.552122950553894,"w":-0.1004757434129715},"size":0.2857881188392639,"orthographic":false}