{"cameraMode":{"drawMode":0,"name":"Shaded","section":"Shading Mode"},"sceneLighting":false,"audioPlay":false,"sceneViewState":{"showFog":true,"showMaterialUpdate":false,"showSkybox":true,"showFlares":true,"showImageEffects":true,"showParticleSystems":true},"in2DMode":false,"pivot":{"x":5.960464477539063e-7,"y":0.9442980289459229,"z":-0.03790535777807236},"rotation":{"x":0.010746818967163563,"y":0.9850712418556213,"z":-0.15827320516109467,"w":0.0668916404247284},"size":9.392078399658204,"orthographic":false}