{"cameraMode":{"drawMode":0,"name":"Shaded","section":"Shading Mode"},"sceneLighting":false,"audioPlay":false,"sceneViewState":{"showFog":true,"showMaterialUpdate":false,"showSkybox":true,"showFlares":true,"showImageEffects":true,"showParticleSystems":true},"in2DMode":false,"pivot":{"x":0.10001730918884278,"y":1.0,"z":0.15131045877933503},"rotation":{"x":0.010746818967163563,"y":0.9850712418556213,"z":-0.15827320516109467,"w":0.0668916404247284},"size":3.682126045227051,"orthographic":false}