{"cameraMode":{"drawMode":0,"name":"Shaded","section":"Shading Mode"},"sceneLighting":false,"audioPlay":false,"sceneViewState":{"showFog":true,"showMaterialUpdate":false,"showSkybox":true,"showFlares":true,"showImageEffects":true,"showParticleSystems":true},"in2DMode":false,"pivot":{"x":-7.152557373046875e-7,"y":0.04921877384185791,"z":0.017986908555030824},"rotation":{"x":-0.07653002440929413,"y":0.9208456873893738,"z":-0.23150914907455445,"w":-0.3043351173400879},"size":4.041658401489258,"orthographic":false}