{"cameraMode":{"drawMode":0,"name":"Shaded","section":"Shading Mode"},"sceneLighting":true,"audioPlay":false,"sceneViewState":{"showFog":true,"showMaterialUpdate":false,"showSkybox":true,"showFlares":true,"showImageEffects":true,"showParticleSystems":true},"in2DMode":false,"pivot":{"x":13.755264282226563,"y":-4.347068786621094,"z":6.420261859893799},"rotation":{"x":-0.4673646092414856,"y":0.5171399712562561,"z":-0.41165244579315188,"w":-0.5871240496635437},"size":16.123804092407228,"orthographic":true}